<?xml version="1.0" encoding="UTF-8"?>
<project-private xmlns="http://www.netbeans.org/ns/project-private/1">
    <editor-bookmarks xmlns="http://www.netbeans.org/ns/editor-bookmarks/2" lastBookmarkId="0"/>
    <open-files xmlns="http://www.netbeans.org/ns/projectui-open-files/2">
        <group>
            <file>file:/C:/Users/ferna/Downloads/projeto-dp-master/src/view/JFrameConsultaProduto.java</file>
            <file>file:/C:/Users/ferna/Downloads/projeto-dp-master/src/dao/EntradaSaidaProdutosDAO.java</file>
            <file>file:/C:/Users/ferna/Downloads/projeto-dp-master/src/view/JFrameConsultarEntradaSaida.java</file>
            <file>file:/C:/Users/ferna/Downloads/projeto-dp-master/src/conexao/Conexao.java</file>
        </group>
    </open-files>
</project-private>
